{
  "webpack 4": [
    6250.567099928856,
    6287.236700057983,
    5896.834900021553,
    5989.808399915695,
    6659.502200007439,
    6202.331300020218,
    6065.69470000267,
    6009.5151998996735,
    5943.292800068855,
    6046.023499965668
  ],
  "webpack 5": [
    7812.316299915314,
    7712.800199985504,
    7845.424999952316,
    7826.2617000341415,
    7898.669600009918,
    7986.140299916267,
    7826.826599955559,
    7883.061099886894,
    7899.513300061226
  ]
}
